produto,valor_medio_por_hectare
Caju,1.2171916143612382e-09
Castanha de caju,0.21096702676595463